query,cluster,intent,priority,target_page,source_seed,suggest_engines
бальзам для губ детский натуральный,rescue,commercial_research,high,care-recovery-balms.html,бальзам для губ натуральный,google
бальзам для губ натуральный,rescue,commercial_research,high,care-recovery-balms.html,бальзам для губ натуральный,google+yandex
бальзам для губ натуральный воск,rescue,commercial_research,high,care-recovery-balms.html,бальзам для губ натуральный,google
бальзам для губ натуральный состав,rescue,commercial_research,high,care-recovery-balms.html,бальзам для губ натуральный,google+yandex
бальзам после бритья,male,research,high,care-aftershave.html,бальзам после бритья,google+yandex
бальзам после бритья для мужчин,male,research,high,care-aftershave.html,бальзам после бритья,yandex
бальзам после бритья для мужчин купить,male,commercial,high,care-aftershave.html,бальзам после бритья,yandex
бальзам после бритья для чувствительной кожи,male,research,high,care-aftershave.html,бальзам после бритья,google
бальзам после бритья какой лучше,male,research,high,care-aftershave.html,бальзам после бритья,google
бальзам после бритья надо смывать,male,research,high,care-aftershave.html,бальзам после бритья,google
бальзам после бритья рейтинг,male,research,high,care-aftershave.html,бальзам после бритья,google
гидролат для лица,tonics,commercial_research,high,care-tonics-hydrolats.html,гидролат для лица,google+yandex
гидролат для лица для чего,tonics,commercial_research,high,care-tonics-hydrolats.html,гидролат для лица,google+yandex
гидролат для лица для чего используется как,tonics,research,high,care-tonics-hydrolats.html,гидролат для лица,yandex
гидролат для лица для чего он нужен,tonics,commercial_research,high,care-tonics-hydrolats.html,гидролат для лица,yandex
гидролат для лица для чего он нужен и как пользоваться,tonics,research,high,care-tonics-hydrolats.html,гидролат для лица,yandex
гидролат для лица как пользоваться,tonics,research,high,care-tonics-hydrolats.html,гидролат для лица,google
гидролат для лица купить,tonics,commercial,high,care-tonics-hydrolats.html,гидролат для лица,google+yandex
гидролат для лица купить в аптеке,tonics,commercial,high,care-tonics-hydrolats.html,гидролат для лица,yandex
гидролат для лица отзывы,tonics,research,high,care-tonics-hydrolats.html,гидролат для лица,google+yandex
гидролат для лица что это,tonics,research,high,care-tonics-hydrolats.html,гидролат для лица,yandex
гидролат для лица это,tonics,commercial_research,high,care-tonics-hydrolats.html,гидролат для лица,google+yandex
крем для жирной зрелой кожи лица,balance,commercial_research,high,care-oily-skin.html,крем для зрелой кожи лица,google
крем для жирной кожи лица,balance,commercial_research,high,care-oily-skin.html,крем для жирной кожи лица,google
крем для жирной кожи лица 40+,balance,commercial_research,high,care-oily-skin.html,крем для жирной кожи лица,google
крем для жирной кожи лица аптека,balance,commercial_research,high,care-oily-skin.html,крем для жирной кожи лица,google
крем для жирной кожи лица для мужчин,balance,commercial_research,high,care-oily-skin.html,крем для жирной кожи лица,yandex
крем для жирной кожи лица корея,balance,commercial_research,high,care-oily-skin.html,крем для жирной кожи лица,google
крем для жирной кожи лица лучший,balance,research,high,care-oily-skin.html,крем для жирной кожи лица,yandex
крем для жирной кожи лица мужской,male,commercial_research,high,care-aftershave.html,крем для жирной кожи лица,google
крем для жирной кожи лица отзывы,balance,research,high,care-oily-skin.html,крем для жирной кожи лица,google
крем для жирной кожи лица с акне,balance,commercial_research,high,care-oily-skin.html,крем для жирной кожи лица,google
крем для жирной кожи лица с матирующим эффектом,balance,commercial_research,high,care-oily-skin.html,крем для жирной кожи лица,yandex
крем для жирной кожи лица с spf,balance,commercial_research,high,care-oily-skin.html,крем для жирной кожи лица,google
крем для зрелой кожи лица,comfort,commercial_research,high,care-dry-skin.html,крем для зрелой кожи лица,google+yandex
крем для комбинированной кожи лица,balance,commercial_research,high,care-oily-skin.html,крем для комбинированной кожи лица,google+yandex
крем для комбинированной кожи лица 40+,balance,commercial_research,high,care-oily-skin.html,крем для комбинированной кожи лица,google
крем для комбинированной кожи лица ева,balance,commercial_research,high,care-oily-skin.html,крем для комбинированной кожи лица,google
крем для комбинированной кожи лица корея,balance,commercial_research,high,care-oily-skin.html,крем для комбинированной кожи лица,google
крем для комбинированной кожи лица на зиму,balance,commercial_research,high,care-oily-skin.html,крем для комбинированной кожи лица,google
крем для комбинированной кожи лица отзывы,balance,research,high,care-oily-skin.html,крем для комбинированной кожи лица,google+yandex
крем для комбинированной кожи лица с высыпаниями,balance,commercial_research,high,care-oily-skin.html,крем для комбинированной кожи лица,google
крем для комбинированной кожи лица топ,balance,commercial_research,high,care-oily-skin.html,крем для комбинированной кожи лица,google
крем для комбинированной кожи лица увлажняющий,balance,commercial_research,high,care-oily-skin.html,крем для комбинированной кожи лица,yandex
крем для лица аравия для комбинированной кожи,balance,commercial_research,high,care-oily-skin.html,крем для комбинированной кожи лица,yandex
крем для лица для жирной кожи,balance,commercial_research,high,care-oily-skin.html,крем для жирной кожи лица,yandex
крем для лица для зрелой кожи,comfort,commercial_research,high,care-dry-skin.html,крем для зрелой кожи лица,yandex
крем для лица для зрелой кожи 60+,comfort,commercial_research,high,care-dry-skin.html,крем для зрелой кожи лица,yandex
крем для лица для зрелой кожи отзывы,comfort,research,high,care-dry-skin.html,крем для зрелой кожи лица,google
крем для лица для комбинированной кожи,balance,commercial_research,high,care-oily-skin.html,крем для комбинированной кожи лица,yandex
крем для лица для комбинированной кожи после 40,balance,research,high,care-oily-skin.html,крем для комбинированной кожи лица,yandex
крем для лица для чувствительной кожи,comfort,commercial_research,high,care-dry-skin.html,крем для чувствительной кожи лица,yandex
крем для лица на зиму для комбинированной кожи,balance,commercial_research,high,care-oily-skin.html,крем для комбинированной кожи лица,yandex
крем для лица с фитоэстрогенами для зрелой кожи,comfort,commercial_research,high,care-dry-skin.html,крем для зрелой кожи лица,yandex
крем для лица с фитоэстрогенами для зрелой кожи рейтинг,comfort,commercial_research,high,care-dry-skin.html,крем для зрелой кожи лица,yandex
крем для лица себорегулирующий,balance,commercial_research,high,care-oily-skin.html,себорегулирующий крем для лица,yandex
крем для лица увлажняющий для сухой и чувствительной кожи,comfort,commercial_research,high,care-dry-skin.html,крем для чувствительной кожи лица,yandex
крем для пяток от трещин,rescue,commercial_research,high,care-recovery-balms.html,крем для пяток от трещин,google+yandex
крем для пяток от трещин в аптеке,rescue,commercial,high,care-recovery-balms.html,крем для пяток от трещин,google
крем для пяток от трещин в домашних условиях,rescue,commercial_research,high,care-recovery-balms.html,крем для пяток от трещин,google
крем для пяток от трещин и сухости,comfort,commercial_research,high,care-dry-skin.html,крем для пяток от трещин,google+yandex
крем для пяток от трещин и сухости эффективный,comfort,commercial_research,high,care-dry-skin.html,крем для пяток от трещин,yandex
крем для пяток от трещин лучший,rescue,research,high,care-recovery-balms.html,крем для пяток от трещин,yandex
крем для пяток от трещин лучший и огрубевшей,rescue,research,high,care-recovery-balms.html,крем для пяток от трещин,yandex
крем для пяток от трещин лучший и огрубевшей кожи,rescue,research,high,care-recovery-balms.html,крем для пяток от трещин,yandex
крем для пяток от трещин лучший и огрубевшей кожи в аптеке,rescue,commercial,high,care-recovery-balms.html,крем для пяток от трещин,yandex
крем для пяток от трещин лучший и огрубевшей кожи на валберис,rescue,research,high,care-recovery-balms.html,крем для пяток от трещин,yandex
крем для пяток от трещин отзывы,rescue,research,high,care-recovery-balms.html,крем для пяток от трещин,google
крем для пяток от трещин с мочевиной,rescue,commercial_research,high,care-recovery-balms.html,крем для пяток от трещин,google+yandex
крем для пяток от трещин с мочевиной лучший,rescue,research,high,care-recovery-balms.html,крем для пяток от трещин,yandex
крем для рук от сухости,comfort,commercial_research,high,care-dry-skin.html,крем для рук от сухости,google+yandex
крем для рук от сухости в домашних условиях,comfort,commercial_research,high,care-dry-skin.html,крем для рук от сухости,google
крем для рук от сухости зимой,comfort,commercial_research,high,care-dry-skin.html,крем для рук от сухости,yandex
крем для рук от сухости и трещин,comfort,commercial_research,high,care-dry-skin.html,крем для рук от сухости,google+yandex
крем для рук от сухости и трещин аптека,comfort,commercial_research,high,care-dry-skin.html,крем для рук от сухости,google
крем для рук от сухости и трещин заживляющий,comfort,commercial_research,high,care-dry-skin.html,крем для рук от сухости,yandex
крем для рук от сухости и трещин отзывы,comfort,research,high,care-dry-skin.html,крем для рук от сухости,google
крем для рук от сухости и трещин порезов,balance,commercial_research,high,care-oily-skin.html,крем для рук от сухости,google
крем для рук от сухости и шелушения,comfort,commercial_research,high,care-dry-skin.html,крем для рук от сухости,google+yandex
крем для рук от сухости кожи,comfort,commercial_research,high,care-dry-skin.html,крем для рук от сухости,google+yandex
крем для рук от сухости отзывы,comfort,research,high,care-dry-skin.html,крем для рук от сухости,google
крем для рук от трещин и сухости заживляющий для женщин,comfort,commercial_research,high,care-dry-skin.html,крем для рук от сухости,yandex
крем для рук от трещин и сухости заживляющий для мужчин,comfort,commercial_research,high,care-dry-skin.html,крем для рук от сухости,yandex
крем для сухой зрелой кожи лица,comfort,commercial_research,high,care-dry-skin.html,крем для зрелой кожи лица,google
крем для сухой кожи лица,comfort,commercial_research,high,care-dry-skin.html,крем для сухой кожи лица,google+yandex
крем для сухой кожи лица 35+,comfort,commercial_research,high,care-dry-skin.html,крем для сухой кожи лица,yandex
крем для сухой кожи лица 40+,comfort,commercial_research,high,care-dry-skin.html,крем для сухой кожи лица,yandex
крем для сухой кожи лица 50+,comfort,commercial_research,high,care-dry-skin.html,крем для сухой кожи лица,yandex
крем для сухой кожи лица 50+ лучший,comfort,research,high,care-dry-skin.html,крем для сухой кожи лица,yandex
крем для сухой кожи лица аптечный,comfort,commercial_research,high,care-dry-skin.html,крем для сухой кожи лица,google
крем для сухой кожи лица в аптеке,comfort,commercial,high,care-dry-skin.html,крем для сухой кожи лица,google+yandex
крем для сухой кожи лица зимой,comfort,commercial_research,high,care-dry-skin.html,крем для сухой кожи лица,google
крем для сухой кожи лица корея,comfort,commercial_research,high,care-dry-skin.html,крем для сухой кожи лица,google
крем для сухой кожи лица лучший,comfort,research,high,care-dry-skin.html,крем для сухой кожи лица,yandex
крем для сухой кожи лица лучший после 50 лет,comfort,research,high,care-dry-skin.html,крем для сухой кожи лица,yandex
крем для сухой кожи лица мужской,male,commercial_research,high,care-aftershave.html,крем для сухой кожи лица,google
крем для сухой кожи лица от морщин,comfort,commercial_research,high,care-dry-skin.html,крем для сухой кожи лица,google
крем для чувствительной кожи лица,comfort,commercial_research,high,care-dry-skin.html,крем для чувствительной кожи лица,google+yandex
крем для чувствительной кожи лица корея,comfort,commercial_research,high,care-dry-skin.html,крем для чувствительной кожи лица,google
крем для чувствительной кожи лица ля рош,comfort,commercial_research,high,care-dry-skin.html,крем для чувствительной кожи лица,google
крем для чувствительной кожи лица отзывы,comfort,research,high,care-dry-skin.html,крем для чувствительной кожи лица,google+yandex
крем для чувствительной кожи лица с куперозом,comfort,commercial_research,high,care-dry-skin.html,крем для чувствительной кожи лица,google
крем для чувствительной кожи лица с розацеа,comfort,commercial_research,high,care-dry-skin.html,крем для чувствительной кожи лица,google
крем для чувствительной кожи лица склонной к покраснениям,comfort,commercial_research,high,care-dry-skin.html,крем для чувствительной кожи лица,google+yandex
крем для чувствительной кожи лица склонной к покраснениям и куперозу,comfort,commercial_research,high,care-dry-skin.html,крем для чувствительной кожи лица,yandex
крем после бритья для мужчин купить,male,commercial,high,care-aftershave.html,крем после бритья для мужчин,google+yandex
купить крем для лица с фитоэстрогенами для зрелой кожи эвалар ци-клим,comfort,commercial,high,care-dry-skin.html,крем для зрелой кожи лица,yandex
купить крем для пяток от трещин,rescue,commercial,high,care-recovery-balms.html,крем для пяток от трещин,google
лечебный крем для рук от трещин и сухости,comfort,commercial_research,high,care-dry-skin.html,крем для рук от сухости,yandex
лучший крем для зрелой кожи лица,comfort,research,high,care-dry-skin.html,крем для зрелой кожи лица,yandex
лучший крем для лица для зрелой кожи,comfort,research,high,care-dry-skin.html,крем для зрелой кожи лица,google
лучший крем для пяток от трещин,rescue,research,high,care-recovery-balms.html,крем для пяток от трещин,google
лучший крем для рук от сухости,comfort,research,high,care-dry-skin.html,крем для рук от сухости,yandex
лучший крем для рук от сухости и трещин,comfort,research,high,care-dry-skin.html,крем для рук от сухости,google
лучший натуральный бальзам для губ,rescue,research,high,care-recovery-balms.html,бальзам для губ натуральный,google
мал мала меньше бальзам для губ натуральный 0+ 4.25г,rescue,commercial_research,high,care-recovery-balms.html,бальзам для губ натуральный,yandex
медива крем для лица себорегулирующий,balance,commercial_research,high,care-oily-skin.html,себорегулирующий крем для лица,google
медива крем для лица себорегулирующий отзывы,balance,research,high,care-oily-skin.html,себорегулирующий крем для лица,google
миксит крем для лица себорегулирующий вна кислот,balance,commercial_research,high,care-oily-skin.html,себорегулирующий крем для лица,yandex
натуральный бальзам для губ пчелиный воск и облепиха fito evolution 4.5гр,rescue,commercial_research,high,care-recovery-balms.html,бальзам для губ натуральный,yandex
натуральный бальзам для губ с пчелиным воском,rescue,commercial_research,high,care-recovery-balms.html,бальзам для губ натуральный,google+yandex
натуральный бальзам для губ сделано пчелой,rescue,commercial_research,high,care-recovery-balms.html,бальзам для губ натуральный,google
натуральный бальзам для губ natural superbalm,rescue,commercial_research,high,care-recovery-balms.html,бальзам для губ натуральный,google
натуральный оттеночный бальзам для губ,rescue,commercial_research,high,care-recovery-balms.html,бальзам для губ натуральный,google
пилинг для лица купить,renewal,commercial,high,care-cleansing.html,пилинг для лица,google+yandex
себорегулирующий крем для лица,balance,commercial_research,high,care-oily-skin.html,себорегулирующий крем для лица,google+yandex
себорегулирующий крем для лица отзывы,balance,research,high,care-oily-skin.html,себорегулирующий крем для лица,yandex
себорегулирующий крем для лица рейтинг,balance,commercial_research,high,care-oily-skin.html,себорегулирующий крем для лица,yandex
себорегулирующий крем для лица что это,balance,research,high,care-oily-skin.html,себорегулирующий крем для лица,yandex
себорегулирующий крем для лица что это значит,balance,research,high,care-oily-skin.html,себорегулирующий крем для лица,yandex
себорегулирующий увлажняющий крем для лица,balance,commercial_research,high,care-oily-skin.html,себорегулирующий крем для лица,google
солнцезащитный крем для жирной кожи лица,balance,commercial_research,high,care-oily-skin.html,крем для жирной кожи лица,yandex
тоник для лица,tonics,commercial_research,high,care-tonics-hydrolats.html,тоник для лица,google+yandex
тоник для лица аравия,tonics,commercial_research,high,care-tonics-hydrolats.html,тоник для лица,google
тоник для лица в домашних условиях,tonics,commercial_research,high,care-tonics-hydrolats.html,тоник для лица,google+yandex
тоник для лица для чего,tonics,commercial_research,high,care-tonics-hydrolats.html,тоник для лица,google+yandex
тоник для лица для чего он нужен и как пользоваться,tonics,research,high,care-tonics-hydrolats.html,тоник для лица,yandex
тоник для лица как пользоваться,tonics,research,high,care-tonics-hydrolats.html,тоник для лица,google+yandex
тоник для лица как пользоваться правильно,tonics,research,high,care-tonics-hydrolats.html,тоник для лица,yandex
тоник для лица какой лучше,tonics,research,high,care-tonics-hydrolats.html,тоник для лица,google
тоник для лица надо смывать,tonics,commercial_research,high,care-tonics-hydrolats.html,тоник для лица,google
тоник для лица отзывы,tonics,research,high,care-tonics-hydrolats.html,тоник для лица,yandex
тоник для лица рейтинг,tonics,commercial_research,high,care-tonics-hydrolats.html,тоник для лица,google
тоник для лица увлажняющий,tonics,commercial_research,high,care-tonics-hydrolats.html,тоник для лица,google+yandex
тоник для лица это,tonics,commercial_research,high,care-tonics-hydrolats.html,тоник для лица,google+yandex
увлажняющий крем для жирной кожи и проблемной кожи лица,balance,commercial_research,high,care-oily-skin.html,крем для жирной кожи лица,yandex
увлажняющий крем для жирной кожи лица,balance,commercial_research,high,care-oily-skin.html,крем для жирной кожи лица,yandex
увлажняющий крем для зрелой кожи лица,comfort,commercial_research,high,care-dry-skin.html,крем для зрелой кожи лица,google
увлажняющий крем для комбинированной кожи лица,balance,commercial_research,high,care-oily-skin.html,крем для комбинированной кожи лица,google
увлажняющий крем для лица для жирной кожи,balance,commercial_research,high,care-oily-skin.html,крем для жирной кожи лица,yandex
увлажняющий крем для лица для комбинированной кожи,balance,commercial_research,high,care-oily-skin.html,крем для комбинированной кожи лица,yandex
хороший крем для пяток от трещин,rescue,commercial_research,high,care-recovery-balms.html,крем для пяток от трещин,google
чёрный жемчуг крем для лица для зрелой кожи,comfort,commercial_research,high,care-dry-skin.html,крем для зрелой кожи лица,yandex
чёрный жемчуг крем для лица для зрелой кожи 48 мл,comfort,commercial_research,high,care-dry-skin.html,крем для зрелой кожи лица,yandex
чёрный жемчуг крем для лица для зрелой кожи 48мл,comfort,commercial_research,high,care-dry-skin.html,крем для зрелой кожи лица,google
чёрный жемчуг крем для лица зрелой кожи,comfort,commercial_research,high,care-dry-skin.html,крем для зрелой кожи лица,google
чж крем для лица для зрелой кожи,comfort,commercial_research,high,care-dry-skin.html,крем для зрелой кожи лица,google
что такое себорегулирующий крем для лица,balance,research,high,care-oily-skin.html,себорегулирующий крем для лица,yandex
bisou крем для лица и области вокруг глаз увлажняющий для сухой и чувствительной кожи hydro bio 50мл,comfort,commercial_research,high,care-dry-skin.html,крем для чувствительной кожи лица,yandex
cerave крем для лица для комбинированной кожи,balance,commercial_research,high,care-oily-skin.html,крем для комбинированной кожи лица,yandex
cetaphil pro крем для лица себорегулирующий увлажняющий,balance,commercial_research,high,care-oily-skin.html,себорегулирующий крем для лица,google
icon skin крем для лица увлажняющий для жирной и комбинированной кожи,balance,commercial_research,high,care-oily-skin.html,крем для жирной кожи лица,yandex
likato professional крем для лица от прыщей с ниацинамидом и цинком себорегулирующий,balance,commercial_research,high,care-oily-skin.html,себорегулирующий крем для лица,yandex
mixit крем для лица себорегулирующий,balance,commercial_research,high,care-oily-skin.html,себорегулирующий крем для лица,google
mixit крем для лица себорегулирующий отзывы,balance,research,high,care-oily-skin.html,себорегулирующий крем для лица,google
mixit крем для лица себорегулирующий bha кислот,balance,commercial_research,high,care-oily-skin.html,себорегулирующий крем для лица,google
organia крем для лица для зрелой кожи отзывы,comfort,research,high,care-dry-skin.html,крем для зрелой кожи лица,google
крем после бритья для мужчин,male,research,medium,care-aftershave.html,крем после бритья для мужчин,google+yandex
мягкое очищение кожи лица,renewal,commercial_research,medium,care-cleansing.html,мягкое очищение лица,google+yandex
натуральная косметика ручной работы,brand,commercial_research,medium,index.html,натуральная косметика ручной работы,google+yandex
пенка для умывания лица,renewal,commercial_research,medium,care-cleansing.html,пенка для умывания лица,google+yandex
пенка для умывания лица какая лучше,renewal,research,medium,care-cleansing.html,пенка для умывания лица,google+yandex
пилинг для лица,renewal,commercial_research,medium,care-cleansing.html,пилинг для лица,google+yandex
пилинг для лица для чего,renewal,commercial_research,medium,care-cleansing.html,пилинг для лица,google+yandex
пилинг для лица отзывы,renewal,research,medium,care-cleansing.html,пилинг для лица,google+yandex
пилинг для лица это,renewal,commercial_research,medium,care-cleansing.html,пилинг для лица,google+yandex
авторская косметика для лица,brand,commercial_research,low,index.html,авторская косметика для лица,seed_only
гидролат для лица своими руками,tonics,commercial_research,low,care-tonics-hydrolats.html,гидролат для лица,google
домашняя мастерская косметики,brand,commercial_research,low,index.html,домашняя мастерская косметики,seed_only
косметика ручной работы купить,brand,commercial,low,index.html,натуральная косметика ручной работы,yandex
крем от жирной кожи для мужчин лица,balance,commercial_research,low,care-oily-skin.html,крем для жирной кожи лица,yandex
крем от раздражения после бритья для мужчин,male,research,low,care-aftershave.html,крем после бритья для мужчин,google
крем после бритья для мужчин арко,male,research,low,care-aftershave.html,крем после бритья для мужчин,yandex
крем после бритья для мужчин какой лучше,male,research,low,care-aftershave.html,крем после бритья для мужчин,yandex
крем после бритья для мужчин какой лучше рейтинг отзывы,male,research,low,care-aftershave.html,крем после бритья для мужчин,yandex
крем после бритья для мужчин купить на озоне,male,commercial,low,care-aftershave.html,крем после бритья для мужчин,yandex
крем после бритья для мужчин от раздражения,male,research,low,care-aftershave.html,крем после бритья для мужчин,yandex
крем после бритья для мужчин от раздражения для чувствительной кожи,male,research,low,care-aftershave.html,крем после бритья для мужчин,yandex
крем после бритья для мужчин от раздражения для чувствительной кожи какой лучше,male,research,low,care-aftershave.html,крем после бритья для мужчин,yandex
крем себорегулирующий для лица,balance,commercial_research,low,care-oily-skin.html,себорегулирующий крем для лица,yandex
лучший крем после бритья для мужчин,male,research,low,care-aftershave.html,крем после бритья для мужчин,google
мягкое очищение лица,renewal,commercial_research,low,care-cleansing.html,мягкое очищение лица,google
натуральный бальзам для губ своими руками,rescue,commercial_research,low,care-recovery-balms.html,бальзам для губ натуральный,google+yandex
пенка для умывания лица для детей,renewal,commercial_research,low,care-cleansing.html,пенка для умывания лица,yandex
пенка для умывания лица для жирной кожи,balance,commercial_research,low,care-oily-skin.html,пенка для умывания лица,google
пенка для умывания лица для молодой кожи art fact,renewal,commercial_research,low,care-cleansing.html,пенка для умывания лица,yandex
пенка для умывания лица для молодой кожи art&fact,renewal,commercial_research,low,care-cleansing.html,пенка для умывания лица,google
пенка для умывания лица для мужчин,renewal,commercial_research,low,care-cleansing.html,пенка для умывания лица,yandex
пенка для умывания лица для сухой кожи,comfort,commercial_research,low,care-dry-skin.html,пенка для умывания лица,google
пенка для умывания лица как пользоваться,renewal,research,low,care-cleansing.html,пенка для умывания лица,yandex
пенка для умывания лица корейская,renewal,commercial_research,low,care-cleansing.html,пенка для умывания лица,yandex
пенка для умывания лица мужская,male,commercial_research,low,care-aftershave.html,пенка для умывания лица,google
пенка для умывания лица на английском,renewal,commercial_research,low,care-cleansing.html,пенка для умывания лица,yandex
пенка для умывания лица от прыщей,renewal,commercial_research,low,care-cleansing.html,пенка для умывания лица,yandex
пенка для умывания лица очищающая увлажняющая katiemur,renewal,commercial_research,low,care-cleansing.html,пенка для умывания лица,google
пенка для умывания лица увлажняющая,renewal,commercial_research,low,care-cleansing.html,пенка для умывания лица,google
"пенка для умывания лица увлажняющая с гиалуроновой кислотой synergetic, 150 мл",renewal,commercial_research,low,care-cleansing.html,пенка для умывания лица,yandex
пенка для умывания лица увлажняющая purescience с центеллой,renewal,commercial_research,low,care-cleansing.html,пенка для умывания лица,google
пенка для умывания лица milk foam premium,renewal,commercial_research,low,care-cleansing.html,пенка для умывания лица,google
пилинг для лица в домашних условиях,renewal,commercial_research,low,care-cleansing.html,пилинг для лица,google
пилинг для лица в домашних условиях рецепты,renewal,commercial_research,low,care-cleansing.html,пилинг для лица,yandex
пилинг для лица для чего он нужен,renewal,commercial_research,low,care-cleansing.html,пилинг для лица,yandex
пилинг для лица дома,renewal,commercial_research,low,care-cleansing.html,пилинг для лица,google
пилинг для лица как пользоваться,renewal,research,low,care-cleansing.html,пилинг для лица,google
пилинг для лица кислотный,renewal,commercial_research,low,care-cleansing.html,пилинг для лица,google
пилинг для лица профессиональный,renewal,commercial_research,low,care-cleansing.html,пилинг для лица,yandex
пилинг для лица цена,renewal,commercial,low,care-cleansing.html,пилинг для лица,google
пилинг для лица что это такое у косметолога,renewal,research,low,care-cleansing.html,пилинг для лица,yandex
пилинг для лица mac cleansing dead-skin remover,renewal,commercial_research,low,care-cleansing.html,пилинг для лица,yandex
подбор ухода по типу кожи,series,commercial_research,low,series.html,подбор ухода по типу кожи,google
тоник для лица в домашних условиях рецепты,tonics,commercial_research,low,care-tonics-hydrolats.html,тоник для лица,yandex
увлажняющий крем после бритья для мужчин,male,research,low,care-aftershave.html,крем после бритья для мужчин,google
успокаивающий крем после бритья для мужчин,male,research,low,care-aftershave.html,крем после бритья для мужчин,google
хороший крем после бритья для мужчин,male,research,low,care-aftershave.html,крем после бритья для мужчин,google
чистка лица,catalog,commercial_research,low,catalog.html,мягкое очищение лица,yandex
чистка лица видео,catalog,commercial_research,low,catalog.html,мягкое очищение лица,yandex
чистка лица для мужчин,catalog,commercial_research,low,catalog.html,мягкое очищение лица,yandex
чистка лица до и после,catalog,research,low,catalog.html,мягкое очищение лица,yandex
чистка лица от черных точек,catalog,commercial_research,low,catalog.html,мягкое очищение лица,yandex
чистка лица отзывы,catalog,research,low,catalog.html,мягкое очищение лица,yandex
чистка лица спб,catalog,commercial_research,low,catalog.html,мягкое очищение лица,yandex
чистка лица у косметолога,catalog,commercial_research,low,catalog.html,мягкое очищение лица,yandex
чистка лица это,catalog,commercial_research,low,catalog.html,мягкое очищение лица,yandex
энзимное очищение для лица,renewal,commercial_research,low,care-cleansing.html,энзимное очищение лица,yandex
энзимное очищение лица,renewal,commercial_research,low,care-cleansing.html,энзимное очищение лица,google
